{
  "antes_7": "🤖 {{empresa}}\nOlá {{nome}}, faltam *7 dias* para o vencimento da sua assinatura.",
  "antes_5": "🤖 {{empresa}}\nFaltam *5 dias* para o vencimento da sua assinatura.",
  "antes_3": "🤖 {{empresa}}\nOlá {{nome}}, restam *3 dias* para o vencimento.",
  "antes_1": "🤖 {{empresa}}\nOlá {{nome}}, sua assinatura vence *amanhã*.",
  "no_dia": "🤖 {{empresa}}\nOlá {{nome}}, *hoje* é o dia do vencimento da sua assinatura!",
  "depois_2": "🤖 {{empresa}}\nOlá {{nome}}, sua assinatura está *vencida há 2 dias*.",
  "depois_3": "🤖 {{empresa}}\nOlá {{nome}}, sua assinatura está *vencida há 3 dias*."
}
